"seller","day_of_week","income"
Abraham Bennet,monday,19687151
Albert Ringer,monday,26095755
Ann Dull,monday,2251034
Anne Ringer,monday,3836324
Burt Gringlesby,monday,7105491
Charlene Locksley,monday,5946094
Cheryl Carson,monday,3670314
Dean Straight,monday,13807967
Dirk Stringer,monday,47511590
Heather McBadden,monday,18991189
Innes del Castillo,monday,14654006
Johnson White,monday,4847842
Livia Karsen,monday,10759481
Marjorie Green,monday,4964435
Meander Smith,monday,3698552
Michael O'Leary,monday,11290525
Michel DeFrance,monday,32040585
Morningstar Greene,monday,3496620
Reginald Blotchet-Halls,monday,4977096
Sheryl Hunter,monday,11937345
Stearns MacFeather,monday,2251510
Sylvia Panteley,monday,6168507
Abraham Bennet,tuesday,16460922
Albert Ringer,tuesday,26227016
Ann Dull,tuesday,2399268
Anne Ringer,tuesday,3995608
Burt Gringlesby,tuesday,4559076
Charlene Locksley,tuesday,6364492
Cheryl Carson,tuesday,6023754
Dean Straight,tuesday,10795590
Dirk Stringer,tuesday,41006962
Heather McBadden,tuesday,16940034
Innes del Castillo,tuesday,16082120
Johnson White,tuesday,7406531
Livia Karsen,tuesday,12884321
Marjorie Green,tuesday,4527360
Meander Smith,tuesday,3659002
Michael O'Leary,tuesday,4441145
Michel DeFrance,tuesday,24630375
Morningstar Greene,tuesday,5219503
Reginald Blotchet-Halls,tuesday,3934176
Sheryl Hunter,tuesday,10068044
Stearns MacFeather,tuesday,1389020
Sylvia Panteley,tuesday,4543935
Abraham Bennet,wednesday,22683189
Albert Ringer,wednesday,28422543
Ann Dull,wednesday,2506794
Anne Ringer,wednesday,3511482
Burt Gringlesby,wednesday,8095553
Charlene Locksley,wednesday,8488890
Cheryl Carson,wednesday,3141092
Dean Straight,wednesday,12804435
Dirk Stringer,wednesday,29673320
Heather McBadden,wednesday,12370391
Innes del Castillo,wednesday,15199028
Johnson White,wednesday,8071608
Livia Karsen,wednesday,15935553
Marjorie Green,wednesday,6914851
Meander Smith,wednesday,2668010
Michael O'Leary,wednesday,12206231
Michel DeFrance,wednesday,35720225
Morningstar Greene,wednesday,5920113
Reginald Blotchet-Halls,wednesday,5714589
Sheryl Hunter,wednesday,11143426
Stearns MacFeather,wednesday,1883902
Sylvia Panteley,wednesday,5122393
Abraham Bennet,thursday,14569999
Albert Ringer,thursday,24791047
Ann Dull,thursday,2014930
Anne Ringer,thursday,2337851
Burt Gringlesby,thursday,6495134
Charlene Locksley,thursday,6978205
Cheryl Carson,thursday,4971322
Dean Straight,thursday,13548802
Dirk Stringer,thursday,49688612
Heather McBadden,thursday,18347044
Innes del Castillo,thursday,12801279
Johnson White,thursday,5282738
Livia Karsen,thursday,17787286
Marjorie Green,thursday,5785316
Meander Smith,thursday,3274074
Michael O'Leary,thursday,7069196
Michel DeFrance,thursday,36164994
Morningstar Greene,thursday,3297513
Reginald Blotchet-Halls,thursday,5995233
Sheryl Hunter,thursday,7948763
Stearns MacFeather,thursday,1952754
Sylvia Panteley,thursday,8020959
Abraham Bennet,friday,20784274
Albert Ringer,friday,22418696
Ann Dull,friday,3150868
Anne Ringer,friday,2583051
Burt Gringlesby,friday,7821859
Charlene Locksley,friday,6999365
Cheryl Carson,friday,7064112
Dean Straight,friday,12347568
Dirk Stringer,friday,51865634
Heather McBadden,friday,18008817
Innes del Castillo,friday,15600445
Johnson White,friday,4286597
Livia Karsen,friday,9212661
Marjorie Green,friday,7209385
Meander Smith,friday,2583688
Michael O'Leary,friday,16409242
Michel DeFrance,friday,38497638
Morningstar Greene,friday,4362010
Reginald Blotchet-Halls,friday,7099503
Sheryl Hunter,friday,15548379
Stearns MacFeather,friday,1539386
Sylvia Panteley,friday,5450295
Abraham Bennet,saturday,12116112
Albert Ringer,saturday,26695331
Ann Dull,saturday,3051656
Anne Ringer,saturday,2463588
Burt Gringlesby,saturday,6531305
Charlene Locksley,saturday,8096495
Cheryl Carson,saturday,4917302
Dean Straight,saturday,15976339
Dirk Stringer,saturday,51865634
Heather McBadden,saturday,15663193
Innes del Castillo,saturday,16727686
Johnson White,saturday,7105240
Livia Karsen,saturday,12348709
Marjorie Green,saturday,7259972
Meander Smith,saturday,2914516
Michael O'Leary,saturday,9596498
Michel DeFrance,saturday,40957080
Morningstar Greene,saturday,3510655
Reginald Blotchet-Halls,saturday,6125770
Sheryl Hunter,saturday,10285953
Stearns MacFeather,saturday,2595460
Sylvia Panteley,saturday,4789546
Abraham Bennet,sunday,16683035
Albert Ringer,sunday,29064571
Ann Dull,sunday,2634752
Anne Ringer,sunday,2420630
Burt Gringlesby,sunday,8856895
Charlene Locksley,sunday,8792044
Cheryl Carson,sunday,3624980
Dean Straight,sunday,16059505
Dirk Stringer,sunday,50190020
Heather McBadden,sunday,23989939
Innes del Castillo,sunday,22265919
Johnson White,sunday,6343034
Livia Karsen,sunday,10539384
Marjorie Green,sunday,7659686
Meander Smith,sunday,4710438
Michael O'Leary,sunday,6995924
Michel DeFrance,sunday,35110126
Morningstar Greene,sunday,5111747
Reginald Blotchet-Halls,sunday,4650782
Sheryl Hunter,sunday,10199282
Stearns MacFeather,sunday,1736670
Sylvia Panteley,sunday,5468982
Abraham Bennet,monday,16384126
Albert Ringer,monday,31220289
Ann Dull,monday,2326906
Anne Ringer,monday,4038566
Burt Gringlesby,monday,7904309
Charlene Locksley,monday,9104126
Cheryl Carson,monday,7613734
Dean Straight,monday,11905931
Dirk Stringer,monday,56193240
Heather McBadden,monday,15069896
Innes del Castillo,monday,12217752
Johnson White,monday,5324157
Livia Karsen,monday,9762471
Marjorie Green,monday,5425744
Meander Smith,monday,2658682
Michael O'Leary,monday,7939107
Michel DeFrance,monday,33312320
Morningstar Greene,monday,3133802
Reginald Blotchet-Halls,monday,7741711
Sheryl Hunter,monday,9821681
Stearns MacFeather,monday,3127286
Sylvia Panteley,monday,3237033
Abraham Bennet,tuesday,18198993
Albert Ringer,tuesday,32908616
Ann Dull,tuesday,2458410
Anne Ringer,tuesday,5129418
Burt Gringlesby,tuesday,8408936
Charlene Locksley,tuesday,6168422
Cheryl Carson,tuesday,6620238
Dean Straight,tuesday,11168122
Dirk Stringer,tuesday,37154326
Heather McBadden,tuesday,14947836
Innes del Castillo,tuesday,18350309
Johnson White,tuesday,8563075
Livia Karsen,tuesday,2671054
Marjorie Green,tuesday,5604752
Meander Smith,tuesday,3347576
Michael O'Leary,tuesday,6135172
Michel DeFrance,tuesday,34047854
Morningstar Greene,tuesday,6215728
Reginald Blotchet-Halls,tuesday,5273418
Sheryl Hunter,tuesday,11910328
Stearns MacFeather,tuesday,1589324
Sylvia Panteley,tuesday,7036672
Abraham Bennet,wednesday,14631758
Albert Ringer,wednesday,26581528
Ann Dull,wednesday,2346116
Anne Ringer,wednesday,4764755
Burt Gringlesby,wednesday,10497284
Charlene Locksley,wednesday,6434609
Cheryl Carson,wednesday,5136770
Dean Straight,wednesday,14720852
Dirk Stringer,wednesday,53567686
Heather McBadden,wednesday,12905836
Innes del Castillo,wednesday,12993848
Johnson White,wednesday,5035900
Livia Karsen,wednesday,9297477
Marjorie Green,wednesday,9290672
Meander Smith,wednesday,3965952
Michael O'Leary,wednesday,10420614
Michel DeFrance,wednesday,22263121
Morningstar Greene,wednesday,6036142
Reginald Blotchet-Halls,wednesday,5726324
Sheryl Hunter,wednesday,9590405
Stearns MacFeather,wednesday,2062298
Sylvia Panteley,wednesday,4871871
Abraham Bennet,thursday,18782649
Albert Ringer,thursday,21237230
Ann Dull,thursday,2793744
Anne Ringer,thursday,3673903
Burt Gringlesby,thursday,6500700
Charlene Locksley,thursday,8146975
Cheryl Carson,thursday,4267180
Dean Straight,thursday,16974218
Dirk Stringer,thursday,46561650
Heather McBadden,thursday,22995826
Innes del Castillo,thursday,13862601
Johnson White,thursday,6216028
Livia Karsen,thursday,12841913
Marjorie Green,thursday,6349256
Meander Smith,thursday,3604902
Michael O'Leary,thursday,6986765
Michel DeFrance,thursday,35428097
Morningstar Greene,thursday,4717348
Reginald Blotchet-Halls,thursday,5688493
Sheryl Hunter,thursday,10470995
Stearns MacFeather,thursday,2362406
Sylvia Panteley,thursday,8097485
Abraham Bennet,friday,12096999
Albert Ringer,friday,30626180
Ann Dull,friday,3445512
Anne Ringer,friday,5414439
Burt Gringlesby,friday,7188222
Charlene Locksley,friday,7692878
Cheryl Carson,friday,6165436
Dean Straight,friday,11802981
Dirk Stringer,friday,45361006
Heather McBadden,friday,17990239
Innes del Castillo,friday,13253938
Johnson White,friday,4653944
Livia Karsen,friday,12380515
Marjorie Green,friday,8970679
Meander Smith,friday,5423210
Michael O'Leary,friday,11327161
Michel DeFrance,friday,41725105
Morningstar Greene,friday,3684150
Reginald Blotchet-Halls,friday,7822633
Sheryl Hunter,friday,10081694
Stearns MacFeather,friday,2159940
Sylvia Panteley,friday,6597934
Abraham Bennet,saturday,13969112
Albert Ringer,saturday,25120887
Ann Dull,saturday,2530462
Anne Ringer,saturday,4645292
Burt Gringlesby,saturday,7201113
Charlene Locksley,saturday,4193957
Cheryl Carson,saturday,3757190
Dean Straight,saturday,12967659
Dirk Stringer,saturday,67526882
Heather McBadden,saturday,19217981
Innes del Castillo,saturday,26517703
Johnson White,saturday,7499260
Livia Karsen,saturday,11085598
Marjorie Green,saturday,7212166
Meander Smith,saturday,2710544
Michael O'Leary,saturday,13030347
Michel DeFrance,saturday,36038196
Morningstar Greene,saturday,5220249
Reginald Blotchet-Halls,saturday,5795511
Sheryl Hunter,saturday,11814190
Stearns MacFeather,saturday,2820806
Sylvia Panteley,saturday,6145865
Abraham Bennet,sunday,12580167
Albert Ringer,sunday,24169681
Ann Dull,sunday,2699884
Anne Ringer,sunday,3591124
Burt Gringlesby,sunday,6283393
Charlene Locksley,sunday,7157955
Cheryl Carson,sunday,4217312
Dean Straight,sunday,12166335
Dirk Stringer,sunday,52089900
Heather McBadden,sunday,14195121
Innes del Castillo,sunday,17649959
Johnson White,sunday,5505358
Livia Karsen,sunday,8388956
Marjorie Green,sunday,5592519
Meander Smith,sunday,6371668
Michael O'Leary,sunday,7911630
Michel DeFrance,sunday,33035756
Morningstar Greene,sunday,4548452
Reginald Blotchet-Halls,sunday,6151866
Sheryl Hunter,sunday,9971906
Stearns MacFeather,sunday,1514344
Sylvia Panteley,sunday,4033104
Abraham Bennet,monday,13485529
Albert Ringer,monday,29268552
Ann Dull,monday,2487138
Anne Ringer,monday,3958924
Burt Gringlesby,monday,6421033
Charlene Locksley,monday,6782135
Cheryl Carson,monday,6044536
Dean Straight,monday,17417193
Dirk Stringer,monday,48962938
Heather McBadden,monday,20906735
Innes del Castillo,monday,14938600
Johnson White,monday,7753619
Livia Karsen,monday,10245073
Marjorie Green,monday,8698492
Meander Smith,monday,3092488
Michael O'Leary,monday,10457250
Michel DeFrance,monday,28143322
Morningstar Greene,monday,2823152
Reginald Blotchet-Halls,monday,7891820
Sheryl Hunter,monday,7468891
Stearns MacFeather,monday,1580556
Sylvia Panteley,monday,6449349
Abraham Bennet,tuesday,16748022
Albert Ringer,tuesday,33919113
Ann Dull,tuesday,2255182
Anne Ringer,tuesday,3833187
Burt Gringlesby,tuesday,7601034
Charlene Locksley,tuesday,6309427
Cheryl Carson,tuesday,7353084
Dean Straight,tuesday,13190550
Dirk Stringer,tuesday,45835976
Heather McBadden,tuesday,22387908
Innes del Castillo,tuesday,19645953
Johnson White,tuesday,4752966
Livia Karsen,tuesday,6175627
Marjorie Green,tuesday,5631105
Meander Smith,tuesday,4359462
Michael O'Leary,tuesday,12197072
Michel DeFrance,tuesday,32801206
Morningstar Greene,tuesday,6839464
Reginald Blotchet-Halls,tuesday,6187118
Sheryl Hunter,tuesday,15351637
Stearns MacFeather,tuesday,2334838
Sylvia Panteley,tuesday,6008733
Abraham Bennet,wednesday,17259580
Albert Ringer,wednesday,30534318
Ann Dull,wednesday,3347194
Anne Ringer,wednesday,2907893
Burt Gringlesby,wednesday,6346932
Charlene Locksley,wednesday,8894543
Cheryl Carson,wednesday,4821336
Dean Straight,wednesday,7350773
Dirk Stringer,wednesday,45585272
Heather McBadden,wednesday,20993289
Innes del Castillo,wednesday,11659361
Johnson White,wednesday,3949352
Livia Karsen,wednesday,11897913
Marjorie Green,wednesday,9713064
Meander Smith,wednesday,5083054
Michael O'Leary,wednesday,11345479
Michel DeFrance,wednesday,33420828
Morningstar Greene,wednesday,3384842
Reginald Blotchet-Halls,wednesday,4308790
Sheryl Hunter,wednesday,11532727
Stearns MacFeather,wednesday,2243106
Sylvia Panteley,wednesday,3512485
Abraham Bennet,thursday,18915057
Albert Ringer,thursday,37547635
Ann Dull,thursday,3221698
Anne Ringer,thursday,3067177
Burt Gringlesby,thursday,8021452
Charlene Locksley,thursday,9262203
Cheryl Carson,thursday,4241864
Dean Straight,thursday,10171954
Dirk Stringer,thursday,61022254
Heather McBadden,thursday,28621316
Innes del Castillo,thursday,20736291
Johnson White,thursday,5900853
Livia Karsen,thursday,7417534
Marjorie Green,thursday,7173580
Meander Smith,thursday,5422464
Michael O'Leary,thursday,11354638
Michel DeFrance,thursday,33094090
Morningstar Greene,thursday,3684943
Reginald Blotchet-Halls,thursday,6254988
Sheryl Hunter,thursday,10268686
Stearns MacFeather,thursday,1522780
Sylvia Panteley,thursday,8308343
Abraham Bennet,friday,11573799
Albert Ringer,friday,29564470
Ann Dull,friday,2579448
Anne Ringer,friday,3024219
Burt Gringlesby,friday,12396155
Charlene Locksley,friday,7208948
Cheryl Carson,friday,7589564
Dean Straight,friday,12840077
Dirk Stringer,friday,44635332
Heather McBadden,friday,15250010
Innes del Castillo,friday,18388182
Johnson White,friday,6148294
Livia Karsen,friday,15694252
Marjorie Green,friday,6079850
Meander Smith,friday,2946230
Michael O'Leary,friday,9678929
Michel DeFrance,friday,29170984
Morningstar Greene,friday,4186305
Reginald Blotchet-Halls,friday,7263975
Sheryl Hunter,friday,7752304
Stearns MacFeather,friday,2050526
Sylvia Panteley,friday,5999423
Abraham Bennet,saturday,19388414
Albert Ringer,saturday,30130384
Ann Dull,saturday,2465312
Anne Ringer,saturday,3474798
Burt Gringlesby,saturday,8509100
Charlene Locksley,saturday,8037342
Cheryl Carson,saturday,4796020
Dean Straight,saturday,16347569
Dirk Stringer,saturday,36177948
Heather McBadden,saturday,9745042
Innes del Castillo,saturday,18309864
Johnson White,saturday,5595172
Livia Karsen,saturday,11032588
Marjorie Green,saturday,7583077
Meander Smith,saturday,3318100
Michael O'Leary,saturday,9596498
Michel DeFrance,saturday,34065537
Morningstar Greene,saturday,5286405
Reginald Blotchet-Halls,saturday,5884270
Sheryl Hunter,saturday,9097166
Stearns MacFeather,saturday,1490856
Sylvia Panteley,saturday,7592010
Abraham Bennet,sunday,10446241
Albert Ringer,sunday,22224883
Ann Dull,sunday,2651190
Anne Ringer,sunday,3919103
Burt Gringlesby,sunday,10530391
Charlene Locksley,sunday,7024100
Cheryl Carson,sunday,6102326
Dean Straight,sunday,14025322
Dirk Stringer,sunday,39080644
Heather McBadden,sunday,20770924
Innes del Castillo,sunday,15510360
Johnson White,sunday,5826786
Livia Karsen,sunday,4082593
Marjorie Green,sunday,9096981
Meander Smith,sunday,4350134
Michael O'Leary,sunday,6153490
Michel DeFrance,sunday,34140798
Morningstar Greene,sunday,6036349
Reginald Blotchet-Halls,sunday,6589143
Sheryl Hunter,sunday,14324722
Stearns MacFeather,sunday,1294268
Sylvia Panteley,sunday,6422983
Abraham Bennet,monday,10012006
Albert Ringer,monday,39987996
Ann Dull,monday,2794054
Anne Ringer,monday,4602334
Burt Gringlesby,monday,7370836
Charlene Locksley,monday,8306078
Cheryl Carson,monday,4146280
Dean Straight,monday,13881000
Dirk Stringer,monday,51139960
Heather McBadden,monday,21107242
Innes del Castillo,monday,15160185
Johnson White,monday,6093392
Livia Karsen,monday,8340330
Marjorie Green,monday,4090517
Meander Smith,monday,2317780
Michael O'Leary,monday,10493886
Michel DeFrance,monday,34307491
Morningstar Greene,monday,5322820
Reginald Blotchet-Halls,monday,7168690
Sheryl Hunter,monday,11212830
Stearns MacFeather,monday,1362294
Sylvia Panteley,monday,6645986
Abraham Bennet,tuesday,23784688
Albert Ringer,tuesday,34321723
Ann Dull,tuesday,3193900
Anne Ringer,tuesday,4562513
Burt Gringlesby,tuesday,7651855
Charlene Locksley,tuesday,7370600
Cheryl Carson,tuesday,5479380
Dean Straight,tuesday,10092401
Dirk Stringer,tuesday,43658954
Heather McBadden,tuesday,11631014
Innes del Castillo,tuesday,19841432
Johnson White,tuesday,5535380
Livia Karsen,tuesday,10518180
Marjorie Green,tuesday,4681803
Meander Smith,tuesday,3348322
Michael O'Leary,tuesday,7957425
Michel DeFrance,tuesday,32985582
Morningstar Greene,tuesday,3212159
Reginald Blotchet-Halls,tuesday,5517495
Sheryl Hunter,tuesday,9914202
Stearns MacFeather,tuesday,1493512
Sylvia Panteley,tuesday,6434172
Abraham Bennet,wednesday,14253512
Albert Ringer,wednesday,32223195
Ann Dull,wednesday,2454572
Anne Ringer,wednesday,4078387
Burt Gringlesby,wednesday,9660255
Charlene Locksley,wednesday,7792828
Cheryl Carson,wednesday,3799900
Dean Straight,wednesday,11795365
Dirk Stringer,wednesday,58845232
Heather McBadden,wednesday,10585961
Innes del Castillo,wednesday,24652239
Johnson White,wednesday,7637755
Livia Karsen,wednesday,12767699
Marjorie Green,wednesday,6555279
Meander Smith,wednesday,3784366
Michael O'Leary,wednesday,8754064
Michel DeFrance,wednesday,32182947
Morningstar Greene,wednesday,3280108
Reginald Blotchet-Halls,wednesday,5251216
Sheryl Hunter,wednesday,11735036
Stearns MacFeather,wednesday,1437898
Sylvia Panteley,wednesday,6625897
Abraham Bennet,thursday,14926582
Albert Ringer,thursday,27082896
Ann Dull,thursday,1658408
Anne Ringer,thursday,4728071
Burt Gringlesby,thursday,5928273
Charlene Locksley,thursday,8274209
Cheryl Carson,thursday,5472604
Dean Straight,thursday,13360921
Dirk Stringer,thursday,50163582
Heather McBadden,thursday,26118673
Innes del Castillo,thursday,15809293
Johnson White,thursday,5004551
Livia Karsen,thursday,8205049
Marjorie Green,thursday,6310670
Meander Smith,thursday,5400824
Michael O'Leary,thursday,11318002
Michel DeFrance,thursday,28375753
Morningstar Greene,thursday,3019237
Reginald Blotchet-Halls,thursday,8852505
Sheryl Hunter,thursday,9922002
Stearns MacFeather,thursday,1478356
Sylvia Panteley,thursday,6120456
Abraham Bennet,friday,15053592
Albert Ringer,friday,19305983
Ann Dull,friday,2102490
Anne Ringer,friday,2864935
Burt Gringlesby,friday,7883812
Charlene Locksley,friday,5637074
Cheryl Carson,friday,7095822
Dean Straight,friday,11611178
Dirk Stringer,friday,42933280
Heather McBadden,friday,23142284
Innes del Castillo,friday,19283041
Johnson White,friday,4248003
Livia Karsen,friday,8194447
Marjorie Green,friday,6630663
Meander Smith,friday,3614976
Michael O'Leary,friday,7874994
Michel DeFrance,friday,26144213
Morningstar Greene,friday,4552333
Reginald Blotchet-Halls,friday,7770439
Sheryl Hunter,friday,10197332
Stearns MacFeather,friday,2171000
Sylvia Panteley,friday,5922863
Abraham Bennet,saturday,22023160
Albert Ringer,saturday,14909330
Ann Dull,saturday,3309568
Anne Ringer,saturday,1372736
Burt Gringlesby,saturday,9119457
Charlene Locksley,saturday,5475422
Cheryl Carson,saturday,3305776
Dean Straight,saturday,13679015
Dirk Stringer,saturday,60520846
Heather McBadden,saturday,15587778
Innes del Castillo,saturday,16093887
Johnson White,saturday,7234772
Livia Karsen,saturday,935943
Marjorie Green,saturday,8826913
Meander Smith,saturday,3254672
Michael O'Leary,saturday,8726587
Michel DeFrance,saturday,31455573
Morningstar Greene,saturday,3480820
Reginald Blotchet-Halls,saturday,6068316
Sheryl Hunter,saturday,11792740
Stearns MacFeather,saturday,1622220
Sylvia Panteley,saturday,5946461
Abraham Bennet,sunday,15079739
Albert Ringer,sunday,26001194
Ann Dull,sunday,2916004
Anne Ringer,sunday,3839461
Burt Gringlesby,sunday,6428358
Charlene Locksley,sunday,6279594
Cheryl Carson,sunday,5157934
Dean Straight,sunday,10020214
Dirk Stringer,sunday,50889256
Heather McBadden,sunday,22654923
Innes del Castillo,sunday,24353306
Johnson White,sunday,8618612
Livia Karsen,sunday,10152200
Marjorie Green,sunday,6375046
Meander Smith,sunday,5072234
Michael O'Leary,sunday,13048665
Michel DeFrance,sunday,25567968
Morningstar Greene,sunday,5083423
Reginald Blotchet-Halls,sunday,6384210
Sheryl Hunter,sunday,11709969
Stearns MacFeather,sunday,1812768
Sylvia Panteley,sunday,6586746
Abraham Bennet,monday,13428736
Albert Ringer,monday,22041132
Ann Dull,monday,2168844
Anne Ringer,monday,4121345
Burt Gringlesby,monday,8893347
Charlene Locksley,monday,6601359
Cheryl Carson,monday,4407312
Dean Straight,monday,12737551
Dirk Stringer,monday,55968974
Heather McBadden,monday,19190861
Innes del Castillo,monday,20878588
Johnson White,monday,5120343
Livia Karsen,monday,8897146
Marjorie Green,monday,8274544
Meander Smith,monday,4049528
Michael O'Leary,monday,7032560
Michel DeFrance,monday,22213703
Morningstar Greene,monday,3929315
Reginald Blotchet-Halls,monday,7578554
Sheryl Hunter,monday,11149276
Stearns MacFeather,monday,2109014
Sylvia Panteley,monday,6799893
Abraham Bennet,tuesday,16131111
Albert Ringer,tuesday,29840756
Ann Dull,tuesday,1520312
Anne Ringer,tuesday,3548166
Burt Gringlesby,tuesday,5813459
Charlene Locksley,tuesday,7424655
Cheryl Carson,tuesday,1793986
Dean Straight,tuesday,13915218
Dirk Stringer,tuesday,47511590
Heather McBadden,tuesday,17175981
Innes del Castillo,tuesday,19504626
Johnson White,tuesday,5416281
Livia Karsen,tuesday,9947166
Marjorie Green,tuesday,6285873
Meander Smith,tuesday,3689224
Michael O'Leary,tuesday,5283579
Michel DeFrance,tuesday,28252437
Morningstar Greene,tuesday,4344793
Reginald Blotchet-Halls,tuesday,7448019
Sheryl Hunter,tuesday,9388096
Stearns MacFeather,tuesday,1721400
Sylvia Panteley,tuesday,7955442
Abraham Bennet,wednesday,15830706
Albert Ringer,wednesday,18314651
Ann Dull,wednesday,2673618
Anne Ringer,wednesday,2907893
Burt Gringlesby,wednesday,8084140
Charlene Locksley,wednesday,7232657
Cheryl Carson,wednesday,4374838
Dean Straight,wednesday,9461613
Dirk Stringer,wednesday,61272958
Heather McBadden,wednesday,21342600
Innes del Castillo,wednesday,13162251
Johnson White,wednesday,8111686
Livia Karsen,wednesday,9971966
Marjorie Green,wednesday,5914068
Meander Smith,wednesday,4029380
Michael O'Leary,wednesday,9651452
Michel DeFrance,wednesday,34507431
Morningstar Greene,wednesday,3889179
Reginald Blotchet-Halls,wednesday,6847585
Sheryl Hunter,wednesday,7642233
Stearns MacFeather,wednesday,2439564
Sylvia Panteley,wednesday,6178295
Abraham Bennet,thursday,12840548
Albert Ringer,thursday,31652954
Ann Dull,thursday,2803882
Anne Ringer,thursday,4884218
Burt Gringlesby,thursday,8767120
Charlene Locksley,thursday,7953967
Cheryl Carson,thursday,5128848
Dean Straight,thursday,13911312
Dirk Stringer,thursday,53791952
Heather McBadden,thursday,12494615
Innes del Castillo,thursday,19517363
Johnson White,thursday,7146433
Livia Karsen,thursday,6349720
Marjorie Green,thursday,5735060
Meander Smith,thursday,2603836
Michael O'Leary,thursday,5320215
Michel DeFrance,thursday,32275135
Morningstar Greene,thursday,2387200
Reginald Blotchet-Halls,thursday,5441784
Sheryl Hunter,thursday,10002823
Stearns MacFeather,thursday,1632178
Sylvia Panteley,thursday,7181270
Abraham Bennet,friday,17299498
Albert Ringer,friday,19215074
Ann Dull,friday,2502956
Anne Ringer,friday,4075250
Burt Gringlesby,friday,6525004
Charlene Locksley,friday,6623545
Cheryl Carson,friday,5397802
Dean Straight,friday,11468562
Dirk Stringer,friday,40281288
Heather McBadden,friday,19948616
Innes del Castillo,friday,13099242
Johnson White,friday,5525719
Livia Karsen,friday,12065000
Marjorie Green,friday,11524945
Meander Smith,friday,3669822
Michael O'Leary,friday,12123800
Michel DeFrance,friday,36590717
Morningstar Greene,friday,7379962
Reginald Blotchet-Halls,friday,6670065
Sheryl Hunter,friday,10642387
Stearns MacFeather,friday,2212882
Sylvia Panteley,friday,4452266
Abraham Bennet,saturday,13774796
Albert Ringer,saturday,28545136
Ann Dull,saturday,2754258
Anne Ringer,saturday,3912829
Burt Gringlesby,saturday,9946097
Charlene Locksley,saturday,7746420
Cheryl Carson,saturday,5185874
Dean Straight,saturday,14103503
Dirk Stringer,saturday,52564870
Heather McBadden,saturday,14670317
Innes del Castillo,saturday,14330907
Johnson White,saturday,5823419
Livia Karsen,saturday,9826083
Marjorie Green,saturday,5322120
Meander Smith,saturday,4029380
Michael O'Leary,saturday,12187913
Michel DeFrance,saturday,43089784
Morningstar Greene,saturday,3640537
Reginald Blotchet-Halls,saturday,6636128
Sheryl Hunter,saturday,11446056
Stearns MacFeather,saturday,2740280
Sylvia Panteley,saturday,4654258
Abraham Bennet,sunday,23145364
Albert Ringer,sunday,26545896
Ann Dull,sunday,2426756
Anne Ringer,sunday,3309240
Burt Gringlesby,sunday,8063924
Charlene Locksley,sunday,8469253
Cheryl Carson,sunday,4983778
Dean Straight,sunday,11449229
Dirk Stringer,sunday,57644588
Heather McBadden,sunday,22672407
Innes del Castillo,sunday,13992499
Johnson White,sunday,7642360
Livia Karsen,sunday,10833695
Marjorie Green,sunday,7066844
Meander Smith,sunday,2925336
Michael O'Leary,sunday,6968447
Michel DeFrance,sunday,40304967
Morningstar Greene,sunday,3604376
Reginald Blotchet-Halls,sunday,5828133
Sheryl Hunter,sunday,12103170
Stearns MacFeather,sunday,1993576
Sylvia Panteley,sunday,7224888
Abraham Bennet,monday,15203955
Albert Ringer,monday,28015422
Ann Dull,monday,2465312
Anne Ringer,monday,2947714
Burt Gringlesby,monday,7296735
Charlene Locksley,monday,7851981
Cheryl Carson,monday,4424706
Dean Straight,monday,13754790
Dirk Stringer,monday,49688612
Heather McBadden,monday,22684005
Innes del Castillo,monday,11386534
Johnson White,monday,6304511
Livia Karsen,monday,5111409
Marjorie Green,monday,5913406
Meander Smith,monday,3955132
Michael O'Leary,monday,14761010
Michel DeFrance,monday,38697578
Morningstar Greene,monday,4546035
Reginald Blotchet-Halls,monday,5952144
Sheryl Hunter,monday,11731136
Stearns MacFeather,monday,1115638
Sylvia Panteley,monday,5106771
Abraham Bennet,tuesday,18919677
Albert Ringer,tuesday,30043958
Ann Dull,tuesday,3085444
Anne Ringer,tuesday,4118208
Burt Gringlesby,tuesday,8046210
Charlene Locksley,tuesday,5795664
Cheryl Carson,tuesday,6309338
Dean Straight,tuesday,11292143
Dirk Stringer,tuesday,66801208
Heather McBadden,tuesday,17828101
Innes del Castillo,tuesday,16404587
Johnson White,tuesday,7964923
Livia Karsen,tuesday,17311690
Marjorie Green,tuesday,6541159
Meander Smith,tuesday,6837188
Michael O'Leary,tuesday,7893312
Michel DeFrance,tuesday,31890063
Morningstar Greene,tuesday,3305833
Reginald Blotchet-Halls,tuesday,7326638
Sheryl Hunter,tuesday,9025812
Stearns MacFeather,tuesday,2171016
Sylvia Panteley,tuesday,3898295
Abraham Bennet,wednesday,11087665
Albert Ringer,wednesday,22133343
Ann Dull,wednesday,2635372
Anne Ringer,wednesday,2583051
Burt Gringlesby,wednesday,9541353
Charlene Locksley,wednesday,7104413
Cheryl Carson,wednesday,4950922
Dean Straight,wednesday,12743211
Dirk Stringer,wednesday,30649698
Heather McBadden,wednesday,18924861
Innes del Castillo,wednesday,20255586
Johnson White,wednesday,5890836
Livia Karsen,wednesday,14388733
Marjorie Green,wednesday,6272647
Meander Smith,wednesday,3976772
Michael O'Leary,wednesday,7920789
Michel DeFrance,wednesday,31881296
Morningstar Greene,wednesday,6022524
Reginald Blotchet-Halls,wednesday,5166351
Sheryl Hunter,wednesday,12104837
Stearns MacFeather,wednesday,2147512
Sylvia Panteley,wednesday,5078741
Abraham Bennet,thursday,15909780
Albert Ringer,thursday,25553921
Ann Dull,thursday,2832592
Anne Ringer,thursday,4602334
Burt Gringlesby,thursday,7312690
Charlene Locksley,thursday,6066436
Cheryl Carson,thursday,6044154
Dean Straight,thursday,14470689
Dirk Stringer,thursday,34726600
Heather McBadden,thursday,18237549
Innes del Castillo,thursday,13552239
Johnson White,thursday,5928101
Livia Karsen,thursday,11242083
Marjorie Green,thursday,5899617
Meander Smith,thursday,3689970
Michael O'Leary,thursday,15612603
Michel DeFrance,thursday,35059952
Morningstar Greene,thursday,5483537
Reginald Blotchet-Halls,thursday,6232788
Sheryl Hunter,thursday,15700501
Stearns MacFeather,thursday,1501948
Sylvia Panteley,thursday,5706650
Abraham Bennet,friday,15688136
Albert Ringer,friday,42404966
Ann Dull,friday,2310486
Anne Ringer,friday,2301167
Burt Gringlesby,friday,9377477
Charlene Locksley,friday,6865510
Cheryl Carson,friday,4800554
Dean Straight,friday,17244612
Dirk Stringer,friday,69453200
Heather McBadden,friday,9308707
Innes del Castillo,friday,16974407
Johnson White,friday,8851913
Livia Karsen,friday,9794277
Marjorie Green,friday,8199491
Meander Smith,friday,4329240
Michael O'Leary,friday,10512204
Michel DeFrance,friday,35077635
Morningstar Greene,friday,4413413
Reginald Blotchet-Halls,friday,7188262
Sheryl Hunter,friday,10486595
Stearns MacFeather,friday,2351112
Sylvia Panteley,friday,8665677
Abraham Bennet,saturday,15375961
Albert Ringer,saturday,29061021
Ann Dull,saturday,2749198
Anne Ringer,saturday,1813904
Burt Gringlesby,saturday,7074886
Charlene Locksley,saturday,8624781
Cheryl Carson,saturday,5136770
Dean Straight,saturday,11136242
Dirk Stringer,saturday,68978230
Heather McBadden,saturday,20766207
Innes del Castillo,saturday,16754762
Johnson White,saturday,8493358
Livia Karsen,saturday,10748879
Marjorie Green,saturday,6914520
Meander Smith,saturday,4285960
Michael O'Leary,saturday,12206231
Michel DeFrance,saturday,29950651
Morningstar Greene,saturday,4331269
Reginald Blotchet-Halls,saturday,6198851
Sheryl Hunter,saturday,9800514
Stearns MacFeather,saturday,1485310
Sylvia Panteley,saturday,8589629
Abraham Bennet,sunday,15311363
Albert Ringer,sunday,28737215
Ann Dull,sunday,1987442
Anne Ringer,sunday,2540093
Burt Gringlesby,sunday,12109289
Charlene Locksley,sunday,6628643
Cheryl Carson,sunday,5029112
Dean Straight,sunday,10217002
Dirk Stringer,sunday,45361006
Heather McBadden,sunday,21099203
Innes del Castillo,sunday,11723340
Johnson White,sunday,6794986
Livia Karsen,sunday,11053792
Marjorie Green,sunday,8661131
Meander Smith,sunday,3720192
Michael O'Leary,sunday,12197072
Michel DeFrance,sunday,30175678
Morningstar Greene,sunday,3626891
Reginald Blotchet-Halls,sunday,4474577
Sheryl Hunter,sunday,8621194
Stearns MacFeather,sunday,2923614
Sylvia Panteley,sunday,8044079
Abraham Bennet,monday,13644698
Albert Ringer,monday,21742830
Ann Dull,monday,3271012
Anne Ringer,monday,4081524
Burt Gringlesby,monday,9467533
Charlene Locksley,monday,8572265
Cheryl Carson,monday,4821718
Dean Straight,monday,11456376
Dirk Stringer,monday,48012998
Heather McBadden,monday,16826626
Innes del Castillo,monday,22978374
Johnson White,monday,6627135
Livia Karsen,monday,10475772
Marjorie Green,monday,4925518
Meander Smith,monday,2317034
Michael O'Leary,monday,6977606
Michel DeFrance,monday,35118286
Morningstar Greene,monday,4975131
Reginald Blotchet-Halls,monday,9223223
Sheryl Hunter,monday,10916050
Stearns MacFeather,monday,2528058
Sylvia Panteley,monday,8888201
Abraham Bennet,tuesday,17427683
Albert Ringer,tuesday,23718623
Ann Dull,tuesday,3013392
Anne Ringer,tuesday,4038566
Burt Gringlesby,tuesday,7710282
Charlene Locksley,tuesday,7580696
Cheryl Carson,tuesday,5597656
Dean Straight,tuesday,12845179
Dirk Stringer,tuesday,55494004
Heather McBadden,tuesday,16833797
Innes del Castillo,tuesday,23368362
Johnson White,tuesday,6829087
Livia Karsen,tuesday,9212661
Marjorie Green,tuesday,8354265
Meander Smith,tuesday,4391922
Michael O'Leary,tuesday,11308843
Michel DeFrance,tuesday,22371629
Morningstar Greene,tuesday,3888555
Reginald Blotchet-Halls,tuesday,6610030
Sheryl Hunter,tuesday,9014112
Stearns MacFeather,tuesday,3212646
Sylvia Panteley,tuesday,6569426
Abraham Bennet,wednesday,17560142
Albert Ringer,wednesday,34036039
Ann Dull,wednesday,2305098
Anne Ringer,wednesday,5291839
Burt Gringlesby,wednesday,9047115
Charlene Locksley,wednesday,9270363
Cheryl Carson,wednesday,5654682
Dean Straight,wednesday,9285842
Dirk Stringer,wednesday,41006962
Heather McBadden,wednesday,15713318
Innes del Castillo,wednesday,17234835
Johnson White,wednesday,4998924
Livia Karsen,wednesday,11624806
Marjorie Green,wednesday,5516473
Meander Smith,wednesday,2531826
Michael O'Leary,wednesday,10475568
Michel DeFrance,wednesday,32952335
Morningstar Greene,wednesday,4008371
Reginald Blotchet-Halls,wednesday,5927361
Sheryl Hunter,wednesday,8996845
Stearns MacFeather,wednesday,1091090
Sylvia Panteley,wednesday,6119978
Abraham Bennet,thursday,19367457
Albert Ringer,thursday,30937775
Ann Dull,thursday,2782074
Anne Ringer,thursday,2947714
Burt Gringlesby,thursday,6481962
Charlene Locksley,thursday,6808393
Cheryl Carson,thursday,3648386
Dean Straight,thursday,11001093
Dirk Stringer,thursday,50163582
Heather McBadden,thursday,28879130
Innes del Castillo,thursday,24248882
Johnson White,thursday,9140897
Livia Karsen,thursday,17248078
Marjorie Green,thursday,8083303
Meander Smith,thursday,5030446
Michael O'Leary,thursday,8708269
Michel DeFrance,thursday,39417548
Morningstar Greene,thursday,6726874
Reginald Blotchet-Halls,thursday,5406534
Sheryl Hunter,thursday,11239847
Stearns MacFeather,thursday,1495196
Sylvia Panteley,thursday,4032660
Abraham Bennet,friday,14243665
Albert Ringer,friday,27587792
Ann Dull,friday,2453350
Anne Ringer,friday,2420630
Burt Gringlesby,friday,9033943
Charlene Locksley,friday,8603621
Cheryl Carson,friday,5622208
Dean Straight,friday,12901233
Dirk Stringer,friday,73081570
Heather McBadden,friday,18790155
Innes del Castillo,friday,19607110
Johnson White,friday,7209009
Livia Karsen,friday,14083820
Marjorie Green,friday,7377385
Meander Smith,friday,1934344
Michael O'Leary,friday,7005083
Michel DeFrance,friday,31555921
Morningstar Greene,friday,6537833
Reginald Blotchet-Halls,friday,5728952
Sheryl Hunter,friday,9318692
Stearns MacFeather,friday,2048332
Sylvia Panteley,friday,4330754
Abraham Bennet,saturday,17027922
Albert Ringer,saturday,24009652
Ann Dull,saturday,2376530
Anne Ringer,saturday,4522692
Burt Gringlesby,saturday,7827425
Charlene Locksley,saturday,5507804
Cheryl Carson,saturday,4345370
Dean Straight,saturday,9688187
Dirk Stringer,saturday,48738672
Heather McBadden,saturday,23529386
Innes del Castillo,saturday,14835146
Johnson White,saturday,4441339
Livia Karsen,saturday,12611214
Marjorie Green,saturday,6593302
Meander Smith,saturday,3265492
Michael O'Leary,saturday,7014242
Michel DeFrance,saturday,25198460
Morningstar Greene,saturday,3482002
Reginald Blotchet-Halls,saturday,7372308
Sheryl Hunter,saturday,10748275
Stearns MacFeather,saturday,2583048
Sylvia Panteley,saturday,6689570
Abraham Bennet,sunday,21066847
Albert Ringer,sunday,28183492
Ann Dull,sunday,2255802
Anne Ringer,sunday,3796503
Burt Gringlesby,sunday,6122300
Charlene Locksley,sunday,7676303
Cheryl Carson,sunday,5755564
Dean Straight,sunday,14771129
Dirk Stringer,sunday,79111228
Heather McBadden,sunday,19618307
Innes del Castillo,sunday,14303831
Johnson White,sunday,8019437
Livia Karsen,sunday,8950156
Marjorie Green,sunday,5411955
Meander Smith,sunday,2668010
Michael O'Leary,sunday,7948266
Michel DeFrance,sunday,38532248
Morningstar Greene,sunday,6571502
Reginald Blotchet-Halls,sunday,5591893
Sheryl Hunter,sunday,7657550
Stearns MacFeather,sunday,2987794
Sylvia Panteley,sunday,5782732
Abraham Bennet,monday,19671700
Albert Ringer,monday,28254695
Ann Dull,monday,2712174
Anne Ringer,monday,3879282
Burt Gringlesby,monday,8111962
Charlene Locksley,monday,5128922
Cheryl Carson,monday,6333890
Dean Straight,monday,12918833
Dirk Stringer,monday,63199276
Heather McBadden,monday,19216564
Innes del Castillo,monday,16716257
Johnson White,monday,8032165
Livia Karsen,monday,8169647
Marjorie Green,monday,6826241
Meander Smith,monday,3327428
Michael O'Leary,monday,11336320
Michel DeFrance,monday,37327614
Morningstar Greene,monday,4072740
Reginald Blotchet-Halls,monday,5372597
Sheryl Hunter,monday,9684876
Stearns MacFeather,monday,2338352
Sylvia Panteley,monday,8247916
Abraham Bennet,tuesday,21607285
Albert Ringer,tuesday,19590157
Ann Dull,tuesday,2189740
Anne Ringer,tuesday,2055967
Burt Gringlesby,tuesday,7731803
Charlene Locksley,tuesday,6575101
Cheryl Carson,tuesday,5000408
Dean Straight,tuesday,13445554
Dirk Stringer,tuesday,44635332
Heather McBadden,tuesday,24765369
Innes del Castillo,tuesday,18102618
Johnson White,tuesday,5756945
Livia Karsen,tuesday,673438
Marjorie Green,tuesday,7362934
Meander Smith,tuesday,3720192
Michael O'Leary,tuesday,9651452
Michel DeFrance,tuesday,28110075
Morningstar Greene,tuesday,4991166
Reginald Blotchet-Halls,tuesday,6382897
Sheryl Hunter,tuesday,10567416
Stearns MacFeather,tuesday,1965368
Sylvia Panteley,tuesday,7498051
Abraham Bennet,wednesday,20344881
Albert Ringer,wednesday,38469637
Ann Dull,wednesday,2092042
Anne Ringer,wednesday,2423767
Burt Gringlesby,wednesday,9806979
Charlene Locksley,wednesday,6174546
Cheryl Carson,wednesday,6512962
Dean Straight,wednesday,15346587
Dirk Stringer,wednesday,78385554
Heather McBadden,wednesday,19474457
Innes del Castillo,wednesday,25155508
Johnson White,wednesday,5599141
Livia Karsen,wednesday,4628807
Marjorie Green,wednesday,6208271
Meander Smith,wednesday,2690396
Michael O'Leary,wednesday,9614816
Michel DeFrance,wednesday,28470060
Morningstar Greene,wednesday,2808769
Reginald Blotchet-Halls,wednesday,6309814
Sheryl Hunter,wednesday,8351431
Stearns MacFeather,wednesday,2391658
Sylvia Panteley,wednesday,4880703
Abraham Bennet,thursday,18885097
Albert Ringer,thursday,36722560
Ann Dull,thursday,2437514
Anne Ringer,thursday,3876145
Burt Gringlesby,thursday,6634252
Charlene Locksley,thursday,6251797
Cheryl Carson,thursday,6251548
Dean Straight,thursday,11568346
Dirk Stringer,thursday,62222898
Heather McBadden,thursday,17671717
Innes del Castillo,thursday,10880693
Johnson White,thursday,6029761
Livia Karsen,thursday,20682033
Marjorie Green,thursday,6003241
Meander Smith,thursday,2657190
Michael O'Leary,thursday,16528309
Michel DeFrance,thursday,37995291
Morningstar Greene,thursday,3608721
Reginald Blotchet-Halls,thursday,6512117
Sheryl Hunter,thursday,11050905
Stearns MacFeather,thursday,1920150
Sylvia Panteley,thursday,7372073
Abraham Bennet,friday,22160472
Albert Ringer,friday,33823690
Ann Dull,friday,3298810
Anne Ringer,friday,4568787
Burt Gringlesby,friday,7198330
Charlene Locksley,friday,8595974
Cheryl Carson,friday,2962020
Dean Straight,friday,8523067
Dirk Stringer,friday,38354970
Heather McBadden,friday,13259684
Innes del Castillo,friday,15899378
Johnson White,friday,10412526
Livia Karsen,friday,5342108
Marjorie Green,friday,6157121
Meander Smith,friday,3720938
Michael O'Leary,friday,10548840
Michel DeFrance,friday,40102908
Morningstar Greene,friday,4472230
Reginald Blotchet-Halls,friday,6606087
Sheryl Hunter,friday,10946967
Stearns MacFeather,friday,2636978
Sylvia Panteley,friday,7195046
Abraham Bennet,saturday,14674905
Albert Ringer,saturday,26821836
Ann Dull,saturday,2964096
Anne Ringer,saturday,3998745
Burt Gringlesby,saturday,5687232
Charlene Locksley,saturday,7637300
Cheryl Carson,saturday,4742764
Dean Straight,saturday,11404973
Dirk Stringer,saturday,56443944
Heather McBadden,saturday,19659611
Innes del Castillo,saturday,21163182
Johnson White,saturday,6605199
Livia Karsen,saturday,10748879
Marjorie Green,saturday,6657347
Meander Smith,saturday,4370282
Michael O'Leary,saturday,6977606
Michel DeFrance,saturday,41667527
Morningstar Greene,saturday,3510702
Reginald Blotchet-Halls,saturday,8026249
Sheryl Hunter,saturday,5844516
Stearns MacFeather,saturday,2270674
Sylvia Panteley,saturday,5889989
Abraham Bennet,sunday,16587797
Albert Ringer,sunday,20860599
Ann Dull,sunday,2677456
Anne Ringer,sunday,5533902
Burt Gringlesby,sunday,9645605
Charlene Locksley,sunday,6061851
Cheryl Carson,sunday,5687156
Dean Straight,sunday,14096834
Dirk Stringer,sunday,32576016
Heather McBadden,sunday,19910010
Innes del Castillo,sunday,13332256
Johnson White,sunday,5725830
Livia Karsen,sunday,2713462
Marjorie Green,sunday,8958777
Meander Smith,sunday,4007740
Michael O'Leary,sunday,13946053
Michel DeFrance,sunday,32944931
Morningstar Greene,sunday,4895235
Reginald Blotchet-Halls,sunday,6273249
Sheryl Hunter,sunday,10941117
Stearns MacFeather,sunday,1358926
Sylvia Panteley,sunday,7325389
Abraham Bennet,monday,16509251
Albert Ringer,monday,29910061
Ann Dull,monday,2689746
Anne Ringer,monday,1936504
Burt Gringlesby,monday,9219621
Charlene Locksley,monday,9729558
Cheryl Carson,monday,6205068
Dean Straight,monday,14515859
Dirk Stringer,monday,52340604
Heather McBadden,monday,24681656
Innes del Castillo,monday,16247951
Johnson White,monday,4546061
Livia Karsen,monday,8981962
Marjorie Green,monday,6401730
Meander Smith,monday,3222212
Michael O'Leary,monday,8744905
Michel DeFrance,monday,30410228
Morningstar Greene,monday,4132209
Reginald Blotchet-Halls,monday,5380436
Sheryl Hunter,monday,10293753
Stearns MacFeather,monday,1513008
Sylvia Panteley,monday,4866516
Abraham Bennet,tuesday,16603788
Albert Ringer,tuesday,30275803
Ann Dull,tuesday,2859788
Anne Ringer,tuesday,2947714
Burt Gringlesby,tuesday,7396899
Charlene Locksley,tuesday,5854817
Cheryl Carson,tuesday,7460742
Dean Straight,tuesday,12589643
Dirk Stringer,tuesday,44635332
Heather McBadden,tuesday,18141873
Innes del Castillo,tuesday,17247234
Johnson White,tuesday,7411729
Livia Karsen,tuesday,10266277
Marjorie Green,tuesday,9379282
Meander Smith,tuesday,3615722
Michael O'Leary,tuesday,17361584
Michel DeFrance,tuesday,26310906
Morningstar Greene,tuesday,4526561
Reginald Blotchet-Halls,tuesday,5148092
Sheryl Hunter,tuesday,11991149
Stearns MacFeather,tuesday,2241074
Sylvia Panteley,tuesday,6591623
Abraham Bennet,wednesday,9907245
Albert Ringer,wednesday,22902808
Ann Dull,wednesday,2102490
Anne Ringer,wednesday,3839461
Burt Gringlesby,wednesday,9106566
Charlene Locksley,wednesday,7792315
Cheryl Carson,wednesday,4503660
Dean Straight,wednesday,8449939
Dirk Stringer,wednesday,30148290
Heather McBadden,wednesday,14830291
Innes del Castillo,wednesday,18311466
Johnson White,wednesday,4354473
Livia Karsen,wednesday,4565195
Marjorie Green,wednesday,4977330
Meander Smith,wednesday,4264320
Michael O'Leary,wednesday,7884153
Michel DeFrance,wednesday,39985633
Morningstar Greene,wednesday,8726898
Reginald Blotchet-Halls,wednesday,3973322
Sheryl Hunter,wednesday,9969956
Stearns MacFeather,wednesday,1773282
Sylvia Panteley,wednesday,7619562
Abraham Bennet,thursday,10042815
Albert Ringer,thursday,20766563
Ann Dull,thursday,3045666
Anne Ringer,thursday,5696323
Burt Gringlesby,thursday,9006402
Charlene Locksley,thursday,6174546
Cheryl Carson,thursday,3823688
Dean Straight,thursday,13889359
Dirk Stringer,thursday,39555614
Heather McBadden,thursday,16101490
Innes del Castillo,thursday,17027589
Johnson White,thursday,7237932
Livia Karsen,thursday,10454568
Marjorie Green,thursday,5773646
Meander Smith,thursday,6528746
Michael O'Leary,thursday,12178754
Michel DeFrance,thursday,40847965
Morningstar Greene,thursday,3607975
Reginald Blotchet-Halls,thursday,7569400
Sheryl Hunter,thursday,11704119
Stearns MacFeather,thursday,1209548
Sylvia Panteley,thursday,7036638
Abraham Bennet,friday,19036152
Albert Ringer,friday,26226206
Ann Dull,friday,2233684
Anne Ringer,friday,4439913
Burt Gringlesby,friday,6703811
Charlene Locksley,friday,5983574
Cheryl Carson,friday,7714234
Dean Straight,friday,15440944
Dirk Stringer,friday,34502334
Heather McBadden,friday,15242538
Innes del Castillo,friday,22031935
Johnson White,friday,6767043
Livia Karsen,friday,14598228
Marjorie Green,friday,6131662
Meander Smith,friday,2924590
Michael O'Leary,friday,7041719
Michel DeFrance,friday,36297833
Morningstar Greene,friday,3036407
Reginald Blotchet-Halls,friday,6281088
Sheryl Hunter,friday,8931341
Stearns MacFeather,friday,1235780
Sylvia Panteley,friday,8815185
Abraham Bennet,saturday,16454072
Albert Ringer,saturday,20471614
Ann Dull,saturday,2701106
Anne Ringer,saturday,3876145
Burt Gringlesby,saturday,7440395
Charlene Locksley,saturday,6623032
Cheryl Carson,saturday,6301416
Dean Straight,saturday,10952096
Dirk Stringer,saturday,56918914
Heather McBadden,saturday,22401457
Innes del Castillo,saturday,16171235
Johnson White,saturday,5667694
Livia Karsen,saturday,21008150
Marjorie Green,saturday,4578179
Meander Smith,saturday,4166310
Michael O'Leary,saturday,9614816
Michel DeFrance,saturday,28461293
Morningstar Greene,saturday,5711874
Reginald Blotchet-Halls,saturday,6794076
Sheryl Hunter,saturday,8442002
Stearns MacFeather,saturday,1893772
Sylvia Panteley,saturday,5516589
Abraham Bennet,sunday,12096763
Albert Ringer,sunday,31030875
Ann Dull,sunday,2519686
Anne Ringer,sunday,3551303
Burt Gringlesby,sunday,7868138
Charlene Locksley,sunday,5829569
Cheryl Carson,sunday,4349904
Dean Straight,sunday,13603644
Dirk Stringer,sunday,48962938
Heather McBadden,sunday,16690650
Innes del Castillo,sunday,27101230
Johnson White,sunday,8991360
Livia Karsen,sunday,14452345
Marjorie Green,sunday,9673816
Meander Smith,sunday,1934344
Michael O'Leary,sunday,9569021
Michel DeFrance,sunday,35135969
Morningstar Greene,sunday,6506716
Reginald Blotchet-Halls,sunday,5257740
Sheryl Hunter,sunday,8339731
Stearns MacFeather,sunday,2230840
Sylvia Panteley,sunday,8452496
Abraham Bennet,monday,15735699
Albert Ringer,monday,25456671
Ann Dull,monday,2954268
Anne Ringer,monday,2907893
Burt Gringlesby,monday,5394800
Charlene Locksley,monday,6501922
Cheryl Carson,monday,6205832
Dean Straight,monday,11789371
Dirk Stringer,monday,28472676
Heather McBadden,monday,19061597
Innes del Castillo,monday,22771128
Johnson White,monday,7958733
Livia Karsen,monday,8928952
Marjorie Green,monday,8197935
Meander Smith,monday,3764218
Michael O'Leary,monday,10438932
Michel DeFrance,monday,29515405
Morningstar Greene,monday,7024859
Reginald Blotchet-Halls,monday,5755050
Sheryl Hunter,monday,10956434
Stearns MacFeather,monday,2083478
Sylvia Panteley,monday,6689092
Abraham Bennet,tuesday,14224075
Albert Ringer,tuesday,16727378
Ann Dull,tuesday,2672706
Anne Ringer,tuesday,2901619
Burt Gringlesby,tuesday,8081357
Charlene Locksley,tuesday,8298431
Cheryl Carson,tuesday,3073448
Dean Straight,tuesday,9466454
Dirk Stringer,tuesday,40531992
Heather McBadden,tuesday,13461164
Innes del Castillo,tuesday,23145807
Johnson White,tuesday,6124485
Livia Karsen,tuesday,8950156
Marjorie Green,tuesday,7259972
Meander Smith,tuesday,4721258
Michael O'Leary,tuesday,5338533
Michel DeFrance,tuesday,24973433
Morningstar Greene,tuesday,3253712
Reginald Blotchet-Halls,tuesday,8562754
Sheryl Hunter,tuesday,9891085
Stearns MacFeather,tuesday,2485916
Sylvia Panteley,tuesday,7478919
Abraham Bennet,wednesday,17103175
Albert Ringer,wednesday,34870018
Ann Dull,wednesday,3265022
Anne Ringer,wednesday,2016146
Burt Gringlesby,wednesday,6598081
Charlene Locksley,wednesday,6064400
Cheryl Carson,wednesday,4735988
Dean Straight,wednesday,10345482
Dirk Stringer,wednesday,45835976
Heather McBadden,wednesday,23924371
Innes del Castillo,wednesday,17338289
Johnson White,wednesday,8920641
Livia Karsen,wednesday,14179238
Marjorie Green,wednesday,6786993
Meander Smith,wednesday,2616148
Michael O'Leary,wednesday,9614816
Michel DeFrance,wednesday,35905357
Morningstar Greene,wednesday,3538797
Reginald Blotchet-Halls,wednesday,7645113
Sheryl Hunter,wednesday,11937345
Stearns MacFeather,wednesday,2122980
Sylvia Panteley,wednesday,7224443
Abraham Bennet,thursday,13661580
Albert Ringer,thursday,32013418
Ann Dull,thursday,2623994
Anne Ringer,thursday,4522692
Burt Gringlesby,thursday,6770587
Charlene Locksley,thursday,7078155
Cheryl Carson,thursday,6201298
Dean Straight,thursday,13019116
Dirk Stringer,thursday,36428652
Heather McBadden,thursday,10899019
Innes del Castillo,thursday,17805625
Johnson White,thursday,7404023
Livia Karsen,thursday,8236855
Marjorie Green,thursday,8916417
Meander Smith,thursday,4071168
Michael O'Leary,thursday,6968447
Michel DeFrance,thursday,34950837
Morningstar Greene,thursday,4578058
Reginald Blotchet-Halls,thursday,5775937
Sheryl Hunter,thursday,8908224
Stearns MacFeather,thursday,900890
Sylvia Panteley,thursday,6245478
Abraham Bennet,friday,19424064
Albert Ringer,friday,27369083
Ann Dull,friday,2475158
Anne Ringer,friday,3876145
Burt Gringlesby,friday,9451578
Charlene Locksley,friday,5107249
Cheryl Carson,friday,6102326
Dean Straight,friday,9310309
Dirk Stringer,friday,37629296
Heather McBadden,friday,20863702
Innes del Castillo,friday,19453384
Johnson White,friday,6243132
Livia Karsen,friday,14264054
Marjorie Green,friday,5041044
Meander Smith,friday,5071488
Michael O'Leary,friday,9623975
Michel DeFrance,friday,37375669
Morningstar Greene,friday,4716602
Reginald Blotchet-Halls,friday,6594354
Sheryl Hunter,friday,11428506
Stearns MacFeather,friday,1280796
Sylvia Panteley,friday,6882219
Abraham Bennet,saturday,13941886
Albert Ringer,saturday,21821384
Ann Dull,saturday,3128768
Anne Ringer,saturday,2662693
Burt Gringlesby,saturday,6462770
Charlene Locksley,saturday,7392273
Cheryl Carson,saturday,6985158
Dean Straight,saturday,16832760
Dirk Stringer,saturday,39331348
Heather McBadden,saturday,17366856
Innes del Castillo,saturday,12850581
Johnson White,saturday,5911894
Livia Karsen,saturday,2347482
Marjorie Green,saturday,5232616
Meander Smith,saturday,2648608
Michael O'Leary,saturday,8735746
Michel DeFrance,saturday,40087344
Morningstar Greene,saturday,3911399
Reginald Blotchet-Halls,saturday,8193351
Sheryl Hunter,saturday,12293779
Stearns MacFeather,saturday,1548996
Sylvia Panteley,saturday,8232295
Abraham Bennet,sunday,20147090
Albert Ringer,sunday,26172987
Ann Dull,sunday,2152406
Anne Ringer,sunday,3670766
Burt Gringlesby,sunday,4517339
Charlene Locksley,sunday,5317345
Cheryl Carson,sunday,7449432
Dean Straight,sunday,14816538
Dirk Stringer,sunday,57644588
Heather McBadden,sunday,17251073
Innes del Castillo,sunday,16351405
Johnson White,sunday,4086588
Livia Karsen,sunday,8205049
Marjorie Green,sunday,5143443
Meander Smith,sunday,4679470
Michael O'Leary,sunday,7920789
Michel DeFrance,sunday,29472635
Morningstar Greene,sunday,5788096
Reginald Blotchet-Halls,sunday,7680363
Sheryl Hunter,sunday,13814216
Stearns MacFeather,sunday,1703572
Sylvia Panteley,sunday,7122508
Abraham Bennet,monday,14425968
Albert Ringer,monday,14698441
Ann Dull,monday,2322156
Anne Ringer,monday,3677040
Burt Gringlesby,monday,6562934
Charlene Locksley,monday,6548330
Cheryl Carson,monday,5315078
Dean Straight,monday,11365366
Dirk Stringer,monday,43909658
Heather McBadden,monday,15195961
Innes del Castillo,monday,16572990
Johnson White,monday,4928796
Livia Karsen,monday,10245073
Marjorie Green,monday,5207819
Meander Smith,monday,5102456
Michael O'Leary,monday,7014242
Michel DeFrance,monday,27148151
Morningstar Greene,monday,3690959
Reginald Blotchet-Halls,monday,7530256
Sheryl Hunter,monday,8732932
Stearns MacFeather,monday,2233018
Sylvia Panteley,monday,5845448
Abraham Bennet,tuesday,12264063
Albert Ringer,tuesday,37916227
Ann Dull,tuesday,2810784
Anne Ringer,tuesday,3309240
Burt Gringlesby,tuesday,8633568
Charlene Locksley,tuesday,5290574
Cheryl Carson,tuesday,4817948
Dean Straight,tuesday,12359673
Dirk Stringer,tuesday,46561650
Heather McBadden,tuesday,20795300
Innes del Castillo,tuesday,14756828
Johnson White,tuesday,8834653
Livia Karsen,tuesday,6342714
Marjorie Green,tuesday,10163696
Meander Smith,tuesday,4752226
Michael O'Leary,tuesday,6135172
Michel DeFrance,tuesday,40170765
Morningstar Greene,tuesday,6684139
Reginald Blotchet-Halls,tuesday,7235247
Sheryl Hunter,tuesday,13627224
Stearns MacFeather,tuesday,2008732
Sylvia Panteley,tuesday,7301414
Abraham Bennet,wednesday,13792650
Albert Ringer,wednesday,32101936
Ann Dull,wednesday,2695736
Anne Ringer,wednesday,3149956
Burt Gringlesby,wednesday,10466398
Charlene Locksley,wednesday,8459057
Cheryl Carson,wednesday,4635106
Dean Straight,wednesday,12855366
Dirk Stringer,wednesday,31850342
Heather McBadden,wednesday,17306539
Innes del Castillo,wednesday,18687115
Johnson White,wednesday,6404137
Livia Karsen,wednesday,10255675
Marjorie Green,wednesday,6093970
Meander Smith,wednesday,3308026
Michael O'Leary,wednesday,7032560
Michel DeFrance,wednesday,17948295
Morningstar Greene,wednesday,2068976
Reginald Blotchet-Halls,wednesday,7270499
Sheryl Hunter,wednesday,9322592
Stearns MacFeather,wednesday,1648654
Sylvia Panteley,wednesday,6225902
Abraham Bennet,thursday,18319577
Albert Ringer,thursday,28476410
Ann Dull,thursday,2234596
Anne Ringer,thursday,3630945
Burt Gringlesby,thursday,8143591
Charlene Locksley,thursday,7477684
Cheryl Carson,thursday,6898282
Dean Straight,thursday,14929007
Dirk Stringer,thursday,42207606
Heather McBadden,thursday,22341241
Innes del Castillo,thursday,18181274
Johnson White,thursday,5620731
Livia Karsen,thursday,8751263
Marjorie Green,thursday,6193257
Meander Smith,thursday,2603836
Michael O'Leary,thursday,6162649
Michel DeFrance,thursday,28920870
Morningstar Greene,thursday,5171470
Reginald Blotchet-Halls,thursday,7138647
Sheryl Hunter,thursday,11233997
Stearns MacFeather,thursday,1567302
Sylvia Panteley,thursday,7812211
Abraham Bennet,friday,16393248
Albert Ringer,friday,21977000
Ann Dull,friday,2947038
Anne Ringer,friday,5371481
Burt Gringlesby,friday,6058307
Charlene Locksley,friday,7047296
Cheryl Carson,friday,4038622
Dean Straight,friday,11428567
Dirk Stringer,friday,58845232
Heather McBadden,friday,16117357
Innes del Castillo,friday,17752443
Johnson White,friday,7663345
Livia Karsen,friday,14211044
Marjorie Green,friday,6131662
Meander Smith,friday,5051340
Michael O'Leary,friday,11345479
Michel DeFrance,friday,30770213
Morningstar Greene,friday,2953658
Reginald Blotchet-Halls,friday,7599443
Sheryl Hunter,friday,10758025
Stearns MacFeather,friday,2209166
Sylvia Panteley,friday,6535629
Abraham Bennet,saturday,14873135
Albert Ringer,saturday,22810538
Ann Dull,saturday,2507706
Anne Ringer,saturday,3597398
Burt Gringlesby,saturday,8075791
Charlene Locksley,saturday,8152586
Cheryl Carson,saturday,4743146
Dean Straight,saturday,12712362
Dirk Stringer,saturday,61022254
Heather McBadden,saturday,18556996
Innes del Castillo,saturday,13487290
Johnson White,saturday,6823490
Livia Karsen,saturday,11525792
Marjorie Green,saturday,6477114
Meander Smith,saturday,6476138
Michael O'Leary,saturday,9605657
Michel DeFrance,saturday,25182896
Morningstar Greene,saturday,6392869
Reginald Blotchet-Halls,saturday,8513141
Sheryl Hunter,saturday,10270636
Stearns MacFeather,saturday,1815860
Sylvia Panteley,saturday,4041047
Abraham Bennet,sunday,21347898
Albert Ringer,sunday,19176567
Ann Dull,sunday,2030748
Anne Ringer,sunday,4360271
Burt Gringlesby,sunday,7253239
Charlene Locksley,sunday,6520533
Cheryl Carson,sunday,4847034
Dean Straight,sunday,11637349
Dirk Stringer,sunday,36903622
Heather McBadden,sunday,11075161
Innes del Castillo,sunday,19619847
Johnson White,sunday,5108495
Livia Karsen,sunday,16850292
Marjorie Green,sunday,8710725
Meander Smith,sunday,3233032
Michael O'Leary,sunday,9623975
Michel DeFrance,sunday,36665222
Morningstar Greene,sunday,3687454
Reginald Blotchet-Halls,sunday,6035694
Sheryl Hunter,sunday,11135626
Stearns MacFeather,sunday,2144306
Sylvia Panteley,sunday,8478828
Abraham Bennet,monday,9932017
Albert Ringer,monday,26993321
Ann Dull,monday,3073154
Anne Ringer,monday,4118208
Burt Gringlesby,monday,9049898
Charlene Locksley,monday,5268901
Cheryl Carson,monday,5936878
Dean Straight,monday,10529989
Dirk Stringer,monday,67051912
Heather McBadden,monday,26181677
Innes del Castillo,monday,16339638
Johnson White,monday,9958568
Livia Karsen,monday,5015991
Marjorie Green,monday,8020483
Meander Smith,monday,3616468
Michael O'Leary,monday,13891099
Michel DeFrance,monday,31028487
Morningstar Greene,monday,4449386
Reginald Blotchet-Halls,monday,8353880
Sheryl Hunter,monday,9359129
Stearns MacFeather,monday,1519048
Sylvia Panteley,monday,8072042
Abraham Bennet,tuesday,20029409
Albert Ringer,tuesday,20062418
Ann Dull,tuesday,2168224
Anne Ringer,tuesday,4363408
Burt Gringlesby,tuesday,9109349
Charlene Locksley,tuesday,6144713
Cheryl Carson,tuesday,5369098
Dean Straight,tuesday,14244736
Dirk Stringer,tuesday,64874890
Heather McBadden,tuesday,16687060
Innes del Castillo,tuesday,15548233
Johnson White,tuesday,7596450
Livia Karsen,tuesday,12086204
Marjorie Green,tuesday,8467672
Meander Smith,tuesday,3935730
Michael O'Leary,tuesday,8772382
Michel DeFrance,tuesday,34165129
Morningstar Greene,tuesday,4051642
Reginald Blotchet-Halls,tuesday,4051663
Sheryl Hunter,tuesday,11998949
Stearns MacFeather,tuesday,2545522
Sylvia Panteley,tuesday,7705843
Abraham Bennet,wednesday,12599918
Albert Ringer,wednesday,30008000
Ann Dull,wednesday,2717234
Anne Ringer,wednesday,3146819
Burt Gringlesby,wednesday,5662928
Charlene Locksley,wednesday,7106449
Cheryl Carson,wednesday,5845064
Dean Straight,wednesday,16759011
Dirk Stringer,wednesday,39555614
Heather McBadden,wednesday,26011432
Innes del Castillo,wednesday,12306867
Johnson White,wednesday,7627842
Livia Karsen,wednesday,14356927
Marjorie Green,wednesday,5708045
Meander Smith,wednesday,3997666
Michael O'Leary,wednesday,9550703
Michel DeFrance,wednesday,34767824
Morningstar Greene,wednesday,5013634
Reginald Blotchet-Halls,wednesday,5748526
Sheryl Hunter,wednesday,10401591
Stearns MacFeather,wednesday,926774
Sylvia Panteley,wednesday,4939054
Abraham Bennet,thursday,19373395
Albert Ringer,thursday,40106730
Ann Dull,thursday,2486828
Anne Ringer,thursday,3915966
Burt Gringlesby,thursday,6276068
Charlene Locksley,thursday,6193157
Cheryl Carson,thursday,4921836
Dean Straight,thursday,11270472
Dirk Stringer,thursday,58145996
Heather McBadden,thursday,25799861
Innes del Castillo,thursday,19504626
Johnson White,thursday,8091528
Livia Karsen,thursday,12096806
Marjorie Green,thursday,5526256
Meander Smith,thursday,4103628
Michael O'Leary,thursday,6135172
Michel DeFrance,thursday,32785642
Morningstar Greene,thursday,4641126
Reginald Blotchet-Halls,thursday,6068316
Sheryl Hunter,thursday,11937345
Stearns MacFeather,thursday,1070752
Sylvia Panteley,thursday,3129776
Abraham Bennet,friday,18453211
Albert Ringer,friday,20830140
Ann Dull,friday,2751022
Anne Ringer,friday,3670766
Burt Gringlesby,friday,6909705
Charlene Locksley,friday,7236232
Cheryl Carson,friday,5236506
Dean Straight,friday,13483401
Dirk Stringer,friday,50414286
Heather McBadden,friday,18008850
Innes del Castillo,friday,8974446
Johnson White,friday,6289144
Livia Karsen,friday,24432368
Marjorie Green,friday,4757518
Meander Smith,friday,3625796
Michael O'Leary,friday,11281366
Michel DeFrance,friday,39627767
Morningstar Greene,friday,5039406
Reginald Blotchet-Halls,friday,5796824
Sheryl Hunter,friday,13234023
Stearns MacFeather,friday,1826442
Sylvia Panteley,friday,3521829
Abraham Bennet,saturday,11152535
Albert Ringer,saturday,28232640
Ann Dull,saturday,2442592
Anne Ringer,saturday,3958924
Burt Gringlesby,saturday,9537092
Charlene Locksley,saturday,6811455
Cheryl Carson,saturday,5057052
Dean Straight,saturday,11858306
Dirk Stringer,saturday,35702978
Heather McBadden,saturday,23217666
Innes del Castillo,saturday,19917810
Johnson White,saturday,5853429
Livia Karsen,saturday,5069001
Marjorie Green,saturday,8429086
Meander Smith,saturday,3658256
Michael O'Leary,saturday,7142468
Michel DeFrance,saturday,34114955
Morningstar Greene,saturday,4308632
Reginald Blotchet-Halls,saturday,5816400
Sheryl Hunter,saturday,12394100
Stearns MacFeather,saturday,1740532
Sylvia Panteley,saturday,4239563
Abraham Bennet,sunday,16908541
Albert Ringer,sunday,24462873
Ann Dull,sunday,2048116
Anne Ringer,sunday,3106998
Burt Gringlesby,sunday,7891137
Charlene Locksley,sunday,5770929
Cheryl Carson,sunday,4614706
Dean Straight,sunday,10474754
Dirk Stringer,sunday,51139960
Heather McBadden,sunday,23060992
Innes del Castillo,sunday,20034971
Johnson White,sunday,4247410
Livia Karsen,sunday,12065000
Marjorie Green,sunday,8532048
Meander Smith,sunday,4987912
Michael O'Leary,sunday,6199285
Michel DeFrance,sunday,22038094
Morningstar Greene,sunday,4416294
Reginald Blotchet-Halls,sunday,4458899
Sheryl Hunter,sunday,10389891
Stearns MacFeather,sunday,1732112
Sylvia Panteley,sunday,8598972
Abraham Bennet,monday,19081192
Albert Ringer,monday,21975263
Ann Dull,monday,2810474
Anne Ringer,monday,3392019
Burt Gringlesby,monday,8707669
Charlene Locksley,monday,8144939
Cheryl Carson,monday,2551766
Dean Straight,monday,10724534
Dirk Stringer,monday,53066278
Heather McBadden,monday,20404419
Innes del Castillo,monday,14394886
Johnson White,monday,5077953
Livia Karsen,monday,7392734
Marjorie Green,monday,7173249
Meander Smith,monday,5052086
Michael O'Leary,monday,5347692
Michel DeFrance,monday,33563190
Morningstar Greene,monday,5104985
Reginald Blotchet-Halls,monday,9520811
Sheryl Hunter,monday,9964106
Stearns MacFeather,monday,2399220
Sylvia Panteley,monday,7928401
Abraham Bennet,tuesday,13162279
Albert Ringer,tuesday,34051158
Ann Dull,tuesday,3259014
Anne Ringer,tuesday,4200987
Burt Gringlesby,tuesday,8372765
Charlene Locksley,tuesday,8382816
Cheryl Carson,tuesday,3306158
Dean Straight,tuesday,10576312
Dirk Stringer,tuesday,46561650
Heather McBadden,tuesday,20339486
Innes del Castillo,tuesday,26697873
Johnson White,tuesday,4170978
Livia Karsen,tuesday,14672442
Marjorie Green,tuesday,8315348
Meander Smith,tuesday,4475498
Michael O'Leary,tuesday,7014242
Michel DeFrance,tuesday,32827656
Morningstar Greene,tuesday,2878994
Reginald Blotchet-Halls,tuesday,5446995
Sheryl Hunter,tuesday,9214754
Stearns MacFeather,tuesday,2128162
Sylvia Panteley,tuesday,6824414
Abraham Bennet,wednesday,13280171
Albert Ringer,wednesday,24858989
Ann Dull,wednesday,1839810
Anne Ringer,wednesday,2861798
Burt Gringlesby,wednesday,8107420
Charlene Locksley,wednesday,7746933
Cheryl Carson,wednesday,3720182
Dean Straight,wednesday,11774402
Dirk Stringer,wednesday,48237264
Heather McBadden,wednesday,15305197
Innes del Castillo,wednesday,19373126
Johnson White,wednesday,5734977
Livia Karsen,wednesday,16198058
Marjorie Green,wednesday,7273761
Meander Smith,wednesday,4082734
Michael O'Leary,wednesday,9587339
Michel DeFrance,wednesday,26755675
Morningstar Greene,wednesday,5342247
Reginald Blotchet-Halls,wednesday,4936635
Sheryl Hunter,wednesday,10392124
Stearns MacFeather,wednesday,1209896
Sylvia Panteley,wednesday,8443186
Abraham Bennet,thursday,13635219
Albert Ringer,thursday,26312650
Ann Dull,thursday,2546572
Anne Ringer,thursday,5049776
Burt Gringlesby,thursday,9044332
Charlene Locksley,thursday,7612565
Cheryl Carson,thursday,4009918
Dean Straight,thursday,16703632
Dirk Stringer,thursday,60771550
Heather McBadden,thursday,18692829
Innes del Castillo,thursday,27022912
Johnson White,thursday,5573840
Livia Karsen,thursday,17272878
Marjorie Green,thursday,6156790
Meander Smith,thursday,2689650
Michael O'Leary,thursday,7050878
Michel DeFrance,thursday,36733079
Morningstar Greene,thursday,3832089
Reginald Blotchet-Halls,thursday,6016122
Sheryl Hunter,thursday,5910020
Stearns MacFeather,thursday,1772092
Sylvia Panteley,thursday,6525841
Abraham Bennet,friday,15885903
Albert Ringer,friday,16731494
Ann Dull,friday,2672998
Anne Ringer,friday,3106998
Burt Gringlesby,friday,6739982
Charlene Locksley,friday,8337434
Cheryl Carson,friday,6466864
Dean Straight,friday,14156167
Dirk Stringer,friday,46310946
Heather McBadden,friday,15785433
Innes del Castillo,friday,12072883
Johnson White,friday,4803796
Livia Karsen,friday,5015991
Marjorie Green,friday,8739296
Meander Smith,friday,5359782
Michael O'Leary,friday,11308843
Michel DeFrance,friday,29265291
Morningstar Greene,friday,3000274
Reginald Blotchet-Halls,friday,7583763
Sheryl Hunter,friday,15500142
Stearns MacFeather,friday,2935054
Sylvia Panteley,friday,10983018
Abraham Bennet,saturday,14825736
Albert Ringer,saturday,37100450
Ann Dull,saturday,2173612
Anne Ringer,saturday,4240808
Burt Gringlesby,saturday,7031390
Charlene Locksley,saturday,6540683
Cheryl Carson,saturday,6437778
Dean Straight,saturday,6822579
Dirk Stringer,saturday,34726600
Heather McBadden,saturday,18972321
Innes del Castillo,saturday,24650299
Johnson White,saturday,6724828
Livia Karsen,saturday,16758470
Marjorie Green,saturday,8944326
Meander Smith,saturday,5380676
Michael O'Leary,saturday,7911630
Michel DeFrance,saturday,30527503
Morningstar Greene,saturday,7003780
Reginald Blotchet-Halls,saturday,6363323
Sheryl Hunter,saturday,9889135
Stearns MacFeather,saturday,1241674
Sylvia Panteley,saturday,7277405
Abraham Bennet,sunday,11139094
Albert Ringer,sunday,20192629
Ann Dull,sunday,1844578
Anne Ringer,sunday,2745472
Burt Gringlesby,sunday,11687393
Charlene Locksley,sunday,5322443
Cheryl Carson,sunday,4764310
Dean Straight,sunday,10265663
Dirk Stringer,sunday,49213642
Heather McBadden,sunday,13424900
Innes del Castillo,sunday,18076512
Johnson White,sunday,6565091
Livia Karsen,sunday,3479773
Marjorie Green,sunday,8982018
Meander Smith,sunday,3338248
Michael O'Leary,sunday,12169595
Michel DeFrance,sunday,25525954
Morningstar Greene,sunday,4933114
Reginald Blotchet-Halls,sunday,5577530
Sheryl Hunter,sunday,10199282
Stearns MacFeather,sunday,1795652
Sylvia Panteley,sunday,4138072
Abraham Bennet,monday,14293333
Albert Ringer,monday,19939375
Ann Dull,monday,2272842
Anne Ringer,monday,2864935
Burt Gringlesby,monday,7760649
Charlene Locksley,monday,6596261
Cheryl Carson,monday,5389880
Dean Straight,monday,10419109
Dirk Stringer,monday,52340604
Heather McBadden,monday,15182089
Innes del Castillo,monday,24093216
Johnson White,monday,7521514
Livia Karsen,monday,12139214
Marjorie Green,monday,4951871
Meander Smith,monday,2977198
Michael O'Leary,monday,7911630
Michel DeFrance,monday,40864892
Morningstar Greene,monday,6364962
Reginald Blotchet-Halls,monday,5535754
Sheryl Hunter,monday,10457345
Stearns MacFeather,monday,2290794
Sylvia Panteley,monday,7074457
Abraham Bennet,tuesday,16499611
Albert Ringer,tuesday,21643191
Ann Dull,tuesday,2536434
Anne Ringer,tuesday,3548166
Burt Gringlesby,tuesday,6699269
Charlene Locksley,tuesday,8260183
Cheryl Carson,tuesday,4615088
Dean Straight,tuesday,14882535
Dirk Stringer,tuesday,54293360
Heather McBadden,tuesday,22587382
Innes del Castillo,tuesday,15536466
Johnson White,tuesday,7378476
Livia Karsen,tuesday,12118010
Marjorie Green,tuesday,6003241
Meander Smith,tuesday,3988338
Michael O'Leary,tuesday,7847517
Michel DeFrance,tuesday,37309931
Morningstar Greene,tuesday,3048843
Reginald Blotchet-Halls,tuesday,4439325
Sheryl Hunter,tuesday,12068353
Stearns MacFeather,tuesday,2121774
Sylvia Panteley,tuesday,7523938
Abraham Bennet,wednesday,14507798
Albert Ringer,wednesday,28261249
Ann Dull,wednesday,2607556
Anne Ringer,wednesday,2622872
Burt Gringlesby,wednesday,8026448
Charlene Locksley,wednesday,8169161
Cheryl Carson,wednesday,4897284
Dean Straight,wednesday,14399899
Dirk Stringer,wednesday,47762294
Heather McBadden,wednesday,19791127
Innes del Castillo,wednesday,19400202
Johnson White,wednesday,6698982
Livia Karsen,wednesday,6594617
Marjorie Green,wednesday,7723731
Meander Smith,wednesday,2657190
Michael O'Leary,wednesday,10466409
Michel DeFrance,wednesday,32442584
Morningstar Greene,wednesday,4797915
Reginald Blotchet-Halls,wednesday,5722428
Sheryl Hunter,wednesday,7170161
Stearns MacFeather,wednesday,1575010
Sylvia Panteley,wednesday,9033755
Abraham Bennet,thursday,16903694
Albert Ringer,thursday,22474761
Ann Dull,thursday,3144586
Anne Ringer,thursday,2745472
Burt Gringlesby,thursday,7868138
Charlene Locksley,thursday,7803024
Cheryl Carson,thursday,4849658
Dean Straight,thursday,8094508
Dirk Stringer,thursday,48012998
Heather McBadden,thursday,22387563
Innes del Castillo,thursday,16793605
Johnson White,thursday,7137930
Livia Karsen,thursday,10234471
Marjorie Green,thursday,6298106
Meander Smith,thursday,5008060
Michael O'Leary,thursday,8799859
Michel DeFrance,thursday,29105246
Morningstar Greene,thursday,6650652
Reginald Blotchet-Halls,thursday,7018581
Sheryl Hunter,thursday,12135754
Stearns MacFeather,thursday,2198932
Sylvia Panteley,thursday,6000756
Abraham Bennet,friday,15841899
Albert Ringer,friday,19411224
Ann Dull,friday,2508946
Anne Ringer,friday,4035429
Burt Gringlesby,friday,6071933
Charlene Locksley,friday,5822435
Cheryl Carson,friday,4217312
Dean Straight,friday,13490076
Dirk Stringer,friday,38354970
Heather McBadden,friday,24152400
Innes del Castillo,friday,19425338
Johnson White,friday,8655129
Livia Karsen,friday,13650632
Marjorie Green,friday,7004024
Meander Smith,friday,3296460
Michael O'Leary,friday,6245080
Michel DeFrance,friday,21778457
Morningstar Greene,friday,4594275
Reginald Blotchet-Halls,friday,6791446
Sheryl Hunter,friday,13842900
Stearns MacFeather,friday,1364820
Sylvia Panteley,friday,6038575
Abraham Bennet,saturday,19758864
Albert Ringer,saturday,23325074
Ann Dull,saturday,2503558
Anne Ringer,saturday,4038566
Burt Gringlesby,saturday,7767974
Charlene Locksley,saturday,9667856
Cheryl Carson,saturday,3513170
Dean Straight,saturday,11613074
Dirk Stringer,saturday,54042656
Heather McBadden,saturday,21536718
Innes del Castillo,saturday,13954626
Johnson White,saturday,8176534
Livia Karsen,saturday,6374520
Marjorie Green,saturday,5272195
Meander Smith,saturday,2615402
Michael O'Leary,saturday,8772382
Michel DeFrance,saturday,39777533
Morningstar Greene,saturday,4807188
Reginald Blotchet-Halls,saturday,4663832
Sheryl Hunter,saturday,9682926
Stearns MacFeather,saturday,1774124
Sylvia Panteley,saturday,7493585
Abraham Bennet,sunday,19788358
Albert Ringer,sunday,36161866
Ann Dull,sunday,3293130
Anne Ringer,sunday,2665830
Burt Gringlesby,sunday,5524834
Charlene Locksley,sunday,6894317
Cheryl Carson,sunday,2969942
Dean Straight,sunday,13269401
Dirk Stringer,sunday,48012998
Heather McBadden,sunday,20044773
Innes del Castillo,sunday,10363717
Johnson White,sunday,5458324
Livia Karsen,sunday,16208660
Marjorie Green,sunday,4950315
Meander Smith,sunday,4679470
Michael O'Leary,sunday,5329374
Michel DeFrance,sunday,19670840
Morningstar Greene,sunday,3663099
Reginald Blotchet-Halls,sunday,5542278
Sheryl Hunter,sunday,9106633
Stearns MacFeather,sunday,2202778
Sylvia Panteley,sunday,7657347
Abraham Bennet,monday,20349412
Albert Ringer,monday,26778051
Ann Dull,monday,3057336
Anne Ringer,monday,3024219
Burt Gringlesby,monday,9162953
Charlene Locksley,monday,7367538
Cheryl Carson,monday,4910526
Dean Straight,monday,15326218
Dirk Stringer,monday,41481932
Heather McBadden,monday,18314124
Innes del Castillo,monday,21642285
Johnson White,monday,8465626
Livia Karsen,monday,7921340
Marjorie Green,monday,8467672
Meander Smith,monday,3008912
Michael O'Leary,monday,4459463
Michel DeFrance,monday,25893343
Morningstar Greene,monday,4313977
Reginald Blotchet-Halls,monday,5196392
Sheryl Hunter,monday,9615472
Stearns MacFeather,monday,2326782
Sylvia Panteley,monday,4379728
Abraham Bennet,tuesday,16995929
Albert Ringer,tuesday,27775408
Ann Dull,tuesday,1674846
Anne Ringer,tuesday,2864935
Burt Gringlesby,tuesday,8638110
Charlene Locksley,tuesday,6598810
Cheryl Carson,tuesday,4085102
Dean Straight,tuesday,12594894
Dirk Stringer,tuesday,54992596
Heather McBadden,tuesday,13369111
Innes del Castillo,tuesday,21240530
Johnson White,tuesday,6533281
Livia Karsen,tuesday,11866107
Marjorie Green,tuesday,3910284
Meander Smith,tuesday,5072234
Michael O'Leary,tuesday,7920789
Michel DeFrance,tuesday,36573034
Morningstar Greene,tuesday,5276016
Reginald Blotchet-Halls,tuesday,5734163
Sheryl Hunter,tuesday,9723310
Stearns MacFeather,tuesday,1647958
Sylvia Panteley,tuesday,5918942
